,count
United States,2130
India,910
 United States,355
United Kingdom,347
Canada,166
 France,148
France,145
 United Kingdom,138
 Canada,129
Spain,122
 Germany,97
Egypt,95
Japan,91
Nigeria,89
Turkey,84
Indonesia,82
Mexico,81
Philippines,79
Hong Kong,75
Germany,70
 Belgium,66
China,58
South Korea,54
Australia,53
Argentina,52
Brazil,51
 China,51
Thailand,44
Italy,43
 Spain,39
South Africa,34
 Japan,33
 Australia,31
 India,30
 Hong Kong,23
Taiwan,22
Poland,22
 Italy,22
 Mexico,20
Netherlands,19
United Arab Emirates,19
Ireland,19
Pakistan,18
Chile,18
 Sweden,17
Denmark,16
Malaysia,16
 Netherlands,16
Lebanon,16
New Zealand,15
 United Arab Emirates,15
Colombia,15
 South Africa,14
 South Korea,14
 Argentina,13
 Ireland,12
 Switzerland,11
 Denmark,11
Israel,11
Norway,11
 Czech Republic,11
 Luxembourg,10
 Poland,10
Singapore,10
 Singapore,9
 Brazil,9
 Qatar,9
Romania,9
 Norway,8
Belgium,8
Saudi Arabia,8
Sweden,8
Switzerland,7
 New Zealand,7
Uruguay,7
Vietnam,7
 Greece,7
 Nigeria,7
 Israel,6
 Lebanon,6
Austria,6
 Jordan,6
 Chile,6
Hungary,5
Kuwait,5
 Iceland,5
 Morocco,5
Bulgaria,5
 Russia,5
 Bulgaria,5
Russia,5
 Hungary,5
Kenya,4
Ghana,4
 Egypt,4
 Serbia,4
Czech Republic,4
 Taiwan,4
Peru,4
 Thailand,4
 Peru,4
Portugal,4
,4
 Cambodia,4
 Colombia,4
 Romania,4
 Iran,3
 Algeria,3
 Malaysia,3
 Indonesia,3
 Austria,3
Bangladesh,3
Iceland,3
 Uruguay,3
Serbia,3
Finland,2
 Nepal,2
 Kenya,2
 Malta,2
 Cayman Islands,2
 Philippines,2
 Turkey,2
 Saudi Arabia,2
Cambodia,2
 Soviet Union,2
 West Germany,2
 Portugal,2
 Croatia,2
 Pakistan,2
 Finland,2
 Slovenia,2
Namibia,1
 Ghana,1
Paraguay,1
 Malawi,1
 Senegal,1
 Angola,1
Mozambique,1
 Albania,1
 Guatemala,1
Cameroon,1
Syria,1
Mauritius,1
Soviet Union,1
Georgia,1
 Syria,1
 Slovakia,1
 Bermuda,1
 Ecuador,1
Iran,1
 Sri Lanka,1
Zimbabwe,1
 Panama,1
 Bahamas,1
 Lithuania,1
 Iraq,1
 Latvia,1
 Liechtenstein,1
Venezuela,1
 Nicaragua,1
 Venezuela,1
Slovenia,1
 Dominican Republic,1
 Ethiopia,1
 Vatican City,1
 Burkina Faso,1
Guatemala,1
Jamaica,1
 Bangladesh,1
Croatia,1
 Afghanistan,1
Somalia,1
 East Germany,1
 Sudan,1
 Montenegro,1
